-- phpMyAdmin SQL Dump
-- version 5.0.2
-- https://www.phpmyadmin.net/
--
-- Servidor: 127.0.0.1
-- Tiempo de generación: 06-09-2020 a las 01:22:52
-- Versión del servidor: 10.4.14-MariaDB
-- Versión de PHP: 7.4.9

SET SQL_MODE = "NO_AUTO_VALUE_ON_ZERO";
START TRANSACTION;
SET time_zone = "+00:00";


/*!40101 SET @OLD_CHARACTER_SET_CLIENT=@@CHARACTER_SET_CLIENT */;
/*!40101 SET @OLD_CHARACTER_SET_RESULTS=@@CHARACTER_SET_RESULTS */;
/*!40101 SET @OLD_COLLATION_CONNECTION=@@COLLATION_CONNECTION */;
/*!40101 SET NAMES utf8mb4 */;

--
-- Base de datos: `produccion_web3`
--

-- --------------------------------------------------------

--
-- Estructura de tabla para la tabla `ciudades`
--

CREATE TABLE `ciudades` (
  `idciudad` varchar(3) NOT NULL,
  `nombreciudad` varchar(50) NOT NULL,
  `idpais` varchar(3) NOT NULL
) ENGINE=InnoDB DEFAULT CHARSET=utf8mb4;

--
-- Volcado de datos para la tabla `ciudades`
--

INSERT INTO `ciudades` (`idciudad`, `nombreciudad`, `idpais`) VALUES
('AKL', 'Auckland', 'NZL'),
('BCN', 'Barcelona', 'ESP'),
('BRC', 'Bariloche', 'ARG'),
('CAI', 'Cairo', 'EGI'),
('CUN', 'Cancún', 'MEX'),
('LIM', 'Lima', 'PER'),
('LOS', 'Lagos', 'NGA'),
('MIA', 'Miami', 'USA'),
('MUC', 'Múnich', 'DEU'),
('PAR', 'Paris', 'FRA'),
('RIO', 'Rio de Janerio', 'BRA'),
('ROM', 'Roma', 'ITA'),
('SEL', 'Seúl', 'KOR'),
('SYD', 'Sidney', 'AUS'),
('TYO', 'Tokyo', 'JPN'),
('YTO', 'Toronto', 'CAN');

-- --------------------------------------------------------

--
-- Estructura de tabla para la tabla `comentarios`
--

CREATE TABLE `comentarios` (
  `idproducto` int(11) NOT NULL,
  `ip` int(16) NOT NULL,
  `fecha` date NOT NULL,
  `comentario` varchar(160) NOT NULL,
  `estrellas` tinyint(1) NOT NULL,
  `activo` tinyint(1) NOT NULL,
  `email` varchar(100) NOT NULL
) ENGINE=InnoDB DEFAULT CHARSET=utf8mb4;

--
-- Volcado de datos para la tabla `comentarios`
--

INSERT INTO `comentarios` (`idproducto`, `ip`, `fecha`, `comentario`, `estrellas`, `activo`, `email`) VALUES
(6, 13131313, '2020-09-07', 'muy buenooooo!!!', 5, 1, 'roberto.rosa@gmail.com'),
(9, 10101010, '2020-09-02', 'no me gustó mucho!', 3, 1, 'david.spinozzi@gmail.com'),
(14, 12121212, '2020-09-02', 'muy buen destino!', 5, 1, 'nicolas.ceijas@gmail.com'),
(15, 111111, '2020-09-04', 'me gustó mucho!!', 4, 1, 'elisa.leiva@gmail.com'),
(15, 10101010, '2020-09-01', 'excelente destino!!', 5, 1, 'david.spinozzi@gmail.com');

-- --------------------------------------------------------

--
-- Estructura de tabla para la tabla `continentes`
--

CREATE TABLE `continentes` (
  `idcontinente` varchar(2) NOT NULL,
  `nombrecontinente` varchar(10) CHARACTER SET utf8 COLLATE utf8_spanish_ci NOT NULL
) ENGINE=InnoDB DEFAULT CHARSET=utf8mb4;

--
-- Volcado de datos para la tabla `continentes`
--

INSERT INTO `continentes` (`idcontinente`, `nombrecontinente`) VALUES
('AF', 'África'),
('AM', 'América'),
('AS', 'Asia'),
('EU', 'Europa'),
('OC', 'Oceania');

-- --------------------------------------------------------

--
-- Estructura de tabla para la tabla `paises`
--

CREATE TABLE `paises` (
  `idpais` varchar(3) NOT NULL,
  `nombrepais` varchar(50) NOT NULL,
  `idcontinente` varchar(2) NOT NULL
) ENGINE=InnoDB DEFAULT CHARSET=utf8mb4;

--
-- Volcado de datos para la tabla `paises`
--

INSERT INTO `paises` (`idpais`, `nombrepais`, `idcontinente`) VALUES
('DEU', 'Alemania', 'EU'),
('ARG', 'Argentina', 'AM'),
('AUS', 'Australia', 'OC'),
('BRA', 'Brasil', 'AM'),
('CAN', 'Canadá', 'AM'),
('KOR', 'Corea del Sur', 'AS'),
('EGI', 'Egipto', 'AF'),
('ESP', 'España', 'EU'),
('USA', 'Estados Unidos', 'AM'),
('FRA', 'Francia', 'EU'),
('ITA', 'Italia', 'EU'),
('JPN', 'Japón', 'AS'),
('MEX', 'México', 'AM'),
('NGA', 'Nigeria', 'AF'),
('NZL', 'Nueva Zelanda', 'OC'),
('PER', 'Perú', 'AM');

-- --------------------------------------------------------

--
-- Estructura de tabla para la tabla `productos`
--

CREATE TABLE `productos` (
  `idproducto` int(11) NOT NULL,
  `idciudad` varchar(3) NOT NULL,
  `precio` int(100) NOT NULL,
  `descripcion` varchar(1000) NOT NULL,
  `detalle` varchar(1000) NOT NULL,
  `url` varchar(300) NOT NULL,
  `destacado` tinyint(1) NOT NULL,
  `activo` tinyint(1) NOT NULL
) ENGINE=InnoDB DEFAULT CHARSET=utf8mb4;

--
-- Volcado de datos para la tabla `productos`
--

INSERT INTO `productos` (`idproducto`, `idciudad`, `precio`, `descripcion`, `detalle`, `url`, `destacado`, `activo`) VALUES
(1, 'PAR', 45020, 'VISITANDO: Francia MADRID, SANTIAGO DE COMPOSTELA -RINLO - CABO VIDIO - LA MANJOYA - COVADONGA - CUEVAS DEL SOPLAO - SANTANDER - BILBAO - SAN SEBASTIAN.', 'España Aéreos ES/FE/ES, 04 Noches de alojamiento con régimen según elección. Traslados In / Out, City Tour. Notas: AÉREOS NETOS NO COMISONABLES. Consulte a su ejecutivo de ventas por asistencia al viajero.', './images/spain.jpg', 1, 1),
(2, 'ROM', 43000, 'VISITANDO: Italia MADRID, SANTIAGO DE COMPOSTELA -RINLO - CABO VIDIO - LA MANJOYA - COVADONGA - CUEVAS DEL SOPLAO - SANTANDER - BILBAO - SAN SEBASTIAN.', 'España Aéreos ES/FE/ES. 04 Noches de alojamiento con régimen según elección. Traslados In / Out. City Tour. Notas: AÉREOS NETOS NO COMISONABLES. Consulte a su ejecutivo de ventas por asistencia al viajero.', './images/spain.jpg', 1, 1),
(3, 'MUC', 44000, 'VISITANDO: Alemania, SANTIAGO DE COMPOSTELA -RINLO - CABO VIDIO - LA MANJOYA - COVADONGA - CUEVAS DEL SOPLAO - SANTANDER - BILBAO - SAN SEBASTIAN.', 'España Aéreos ES/FE/ES. 04 Noches de alojamiento con régimen según elección. Traslados In / Out. City Tour. Notas: AÉREOS NETOS NO COMISONABLES. Consulte a su ejecutivo de ventas por asistencia al viajero.', './images/spain.jpg', 1, 1),
(4, 'MIA', 20000, 'Estados Unidos Visitando: Bsssoston / Quebec / Montreal / Ottawa / Toronto / Niagara Falls - Incluye: boleto por American Airlines. Desayunos Americanos. ALIMENTACIÓN: Desayuno diario incluidos. Opcional: asistencia CORIS con seguro de cancelación USD 36 por persona.', 'Estados Unidos Aéreos ES/FE/ES. 04 Noches de alojamiento con régimen según elección. Traslados In / Out. City Tour. Notas: AÉREOS NETOS NO COMISONABLES. Consulte a su ejecutivo de ventas por asistencia al viajero.', './images/estadosunidos.jpg', 1, 1),
(5, 'YTO', 20000, 'Canada Visitando: Bsssoston / Quebec / Montreal / Ottawa / Toronto / Niagara Falls - Incluye: boleto por American Airlines. Desayunos Americanos. ALIMENTACIÓN: Desayuno diario incluidos. Opcional: asistencia CORIS con seguro de cancelación USD 36 por persona.', 'Estados Unidos Aéreos ES/FE/ES. 04 Noches de alojamiento con régimen según elección. Traslados In / Out, City Tour. Notas: AÉREOS NETOS NO COMISONABLES. Consulte a su ejecutivo de ventas por asistencia al viajero.', './images/estadosunidos.jpg', 1, 1),
(6, 'CUN', 20000, 'Mexico Visitando: Bsssoston / Quebec / Montreal / Ottawa / Toronto / Niagara Falls - Incluye: boleto por American Airlines. Desayunos Americanos. ALIMENTACIÓN: Desayuno diario incluidos. Opcional: asistencia CORIS con seguro de cancelación USD 36 por persona.', 'Estados Unidos Aéreos ES/FE/ES. 04 Noches de alojamiento con régimen según elección. Traslados In / Out, City Tour. Notas: AÉREOS NETOS NO COMISONABLES. Consulte a su ejecutivo de ventas por asistencia al viajero.', './images/estadosunidos.jpg', 1, 1),
(7, 'RIO', 60030, 'INCLUYE: Brasil GUÍA: Operado con guía en español e inglés. Pasaje (Latam Airlines. ALOJAMIENTO: 3 noches de alojamiento en Lima. 1 noche de alojamiento en Paracas. 2 noches de alojamiento en Cusco. 1 noche de alojamiento en Aguas Calientes. ALIMENTACIÓN: Desayuno diario incluidos. Opcional: asistencia CORIS con seguro de cancelación USD 36 por persona.', 'Argentina Aéreos ES/FE/ES. 04 Noches de alojamiento con régimen según elección. Traslados In / Out, City Tour. Notas: AÉREOS NETOS NO COMISONABLES. Consulte a su ejecutivo de ventas por asistencia al viajero.', './images/peru.jpg', 1, 1),
(8, 'BRC', 60030, 'INCLUYE: Argentina GUÍA: Operado con guía en español e inglés. Pasaje (Latam Airlines).  ALOJAMIENTO: 3 noches de alojamiento en Lima. 1 noche de alojamiento en Paracas. 2 noches de alojamiento en Cusco. 1 noche de alojamiento en Aguas Calientes. ALIMENTACIÓN: Desayuno diario incluidos. Opcional: asistencia CORIS con seguro de cancelación USD 36 por persona.', 'Argentina Aéreos ES/FE/ES. 04 Noches de alojamiento con régimen según elección. Traslados In / Out, City Tour. Notas: AÉREOS NETOS NO COMISONABLES. Consulte a su ejecutivo de ventas por asistencia al viajero.', './images/peru.jpg', 1, 1),
(9, 'TYO', 36200, 'VISITANDO: Japon Vancouver/ Hope / Kelowna / Revelstoke / Golden / Columbia Ice Field / Canmore /  Banff / Calgar. Incluye: vuelo por American Airlines (Clase turista).', 'Japon Aéreos ES/FE/ES. 04 Noches de alojamiento con régimen según elección. Traslados In / Out, City Tour. Notas: AÉREOS NETOS NO COMISONABLES. Consulte a su ejecutivo de ventas por asistencia al viajero.', './images/canada.jpg', 1, 1),
(10, 'SEL', 36200, 'VISITANDO: Corea del Sur Vancouver/ Hope / Kelowna / Revelstoke / Golden / Columbia Ice Field / Canmore /  Banff / Calgar. Incluye: vuelo por American Airlines (Clase turista).', 'Japon Aéreos ES/FE/ES. 04 Noches de alojamiento con régimen según elección. Traslados In / Out, City Tour. Notas: AÉREOS NETOS NO COMISONABLES. Consulte a su ejecutivo de ventas por asistencia al viajero.', './images/canada.jpg', 1, 1),
(11, 'CAI', 36020, 'VISITANDO: Egipto/ Hope / Kelowna / Revelstoke / Golden / Columbia Ice Field / Canmore /  Banff / Calgar. Incluye: vuelo por American Airlines (Clase turista).', 'Egipto Aéreos ES/FE/ES. 04 Noches de alojamiento con régimen según elección. Traslados In / Out, City Tour. Notas: AÉREOS NETOS NO COMISONABLES. Consulte a su ejecutivo de ventas por asistencia al viajero.', './images/canada.jpg', 1, 1),
(12, 'LOS', 36550, 'VISITANDO: Nigeria/ Hope / Kelowna / Revelstoke / Golden / Columbia Ice Field / Canmore /  Banff / Calgar. Incluye: vuelo por American Airlines (Clase turista).', 'Egipto Aéreos ES/FE/ES. 04 Noches de alojamiento con régimen según elección. Traslados In / Out, City Tour. Notas: AÉREOS NETOS NO COMISONABLES. Consulte a su ejecutivo de ventas por asistencia al viajero.', './images/canada.jpg', 1, 1),
(13, 'SYD', 360630, 'VISITANDO: Australia/ Hope / Kelowna / Revelstoke / Golden / Columbia Ice Field / Canmore /  Banff / Calgar. Incluye: vuelo por American Airlines (Clase turista).', 'Australia Aéreos ES/FE/ES. 04 Noches de alojamiento con régimen según elección. Traslados In / Out, City Tour. Notas: AÉREOS NETOS NO COMISONABLES. Consulte a su ejecutivo de ventas por asistencia al viajero.', './images/canada.jpg', 1, 1),
(14, 'BCN', 45010, 'VISITANDO: España MADRID, SANTIAGO DE COMPOSTELA -RINLO - CABO VIDIO - LA MANJOYA - COVADONGA - CUEVAS DEL SOPLAO - SANTANDER - BILBAO - SAN SEBASTIAN.', ' España Aéreos ES/FE/ES. 04 Noches de alojamiento con régimen según elección. Traslados In / Out,  City Tour. Notas: AÉREOS NETOS NO COMISONABLES. Consulte a su ejecutivo de ventas por asistencia al viajero.', './images/spain.jpg', 1, 1),
(15, 'AKL', 45010, 'VISITANDO: España MADRID, SANTIAGO DE COMPOSTELA -RINLO - CABO VIDIO - LA MANJOYA - COVADONGA - CUEVAS DEL SOPLAO - SANTANDER - BILBAO - SAN SEBASTIAN.', ' España Aéreos ES/FE/ES. 04 Noches de alojamiento con régimen según elección. Traslados In / Out,  City Tour. Notas: AÉREOS NETOS NO COMISONABLES. Consulte a su ejecutivo de ventas por asistencia al viajero.', './images/spain.jpg', 1, 1);

-- --------------------------------------------------------

--
-- Estructura de tabla para la tabla `usuarios`
--

CREATE TABLE `usuarios` (
  `email` varchar(100) NOT NULL,
  `password` varchar(100) NOT NULL,
  `nombre` varchar(100) NOT NULL,
  `apellido` varchar(100) NOT NULL,
  `edad` int(3) NOT NULL,
  `perfil` varchar(50) NOT NULL
) ENGINE=InnoDB DEFAULT CHARSET=utf8mb4;

--
-- Volcado de datos para la tabla `usuarios`
--

INSERT INTO `usuarios` (`email`, `password`, `nombre`, `apellido`, `edad`, `perfil`) VALUES
('david.spinozzi@gmail.com', '123456', 'David', 'Spinozzi', 31, 'user'),
('elisa.leiva@gmail.com', '123456', 'Elisa', 'Leiva', 25, 'Admin'),
('nicolas.ceijas@gmail.com', '123456', 'Nicolas', 'Ceijas', 25, 'user'),
('roberto.rosa@gmail.com', '123456', 'Roberto', 'Rosa', 30, 'admin');

--
-- Índices para tablas volcadas
--

--
-- Indices de la tabla `ciudades`
--
ALTER TABLE `ciudades`
  ADD PRIMARY KEY (`idciudad`,`idpais`) USING BTREE,
  ADD KEY `idpais` (`idpais`);

--
-- Indices de la tabla `comentarios`
--
ALTER TABLE `comentarios`
  ADD PRIMARY KEY (`idproducto`,`ip`,`fecha`),
  ADD KEY `email` (`email`);

--
-- Indices de la tabla `continentes`
--
ALTER TABLE `continentes`
  ADD PRIMARY KEY (`idcontinente`);

--
-- Indices de la tabla `paises`
--
ALTER TABLE `paises`
  ADD PRIMARY KEY (`idpais`,`idcontinente`),
  ADD UNIQUE KEY `nombrepais` (`nombrepais`),
  ADD KEY `idcontinente` (`idcontinente`);

--
-- Indices de la tabla `productos`
--
ALTER TABLE `productos`
  ADD PRIMARY KEY (`idproducto`,`idciudad`) USING BTREE,
  ADD KEY `idciudad` (`idciudad`);

--
-- Indices de la tabla `usuarios`
--
ALTER TABLE `usuarios`
  ADD PRIMARY KEY (`email`);

--
-- AUTO_INCREMENT de las tablas volcadas
--

--
-- AUTO_INCREMENT de la tabla `productos`
--
ALTER TABLE `productos`
  MODIFY `idproducto` int(11) NOT NULL AUTO_INCREMENT, AUTO_INCREMENT=16;

--
-- Restricciones para tablas volcadas
--

--
-- Filtros para la tabla `ciudades`
--
ALTER TABLE `ciudades`
  ADD CONSTRAINT `ciudades_ibfk_1` FOREIGN KEY (`idpais`) REFERENCES `paises` (`idpais`) ON DELETE CASCADE ON UPDATE CASCADE;

--
-- Filtros para la tabla `comentarios`
--
ALTER TABLE `comentarios`
  ADD CONSTRAINT `comentarios_ibfk_1` FOREIGN KEY (`idproducto`) REFERENCES `productos` (`idproducto`) ON DELETE CASCADE ON UPDATE CASCADE,
  ADD CONSTRAINT `comentarios_ibfk_2` FOREIGN KEY (`email`) REFERENCES `usuarios` (`email`) ON DELETE CASCADE ON UPDATE CASCADE;

--
-- Filtros para la tabla `paises`
--
ALTER TABLE `paises`
  ADD CONSTRAINT `paises_ibfk_1` FOREIGN KEY (`idcontinente`) REFERENCES `continentes` (`idcontinente`) ON DELETE CASCADE ON UPDATE CASCADE;

--
-- Filtros para la tabla `productos`
--
ALTER TABLE `productos`
  ADD CONSTRAINT `productos_ibfk_1` FOREIGN KEY (`idciudad`) REFERENCES `ciudades` (`idciudad`) ON DELETE CASCADE ON UPDATE CASCADE;
COMMIT;

/*!40101 SET CHARACTER_SET_CLIENT=@OLD_CHARACTER_SET_CLIENT */;
/*!40101 SET CHARACTER_SET_RESULTS=@OLD_CHARACTER_SET_RESULTS */;
/*!40101 SET COLLATION_CONNECTION=@OLD_COLLATION_CONNECTION */;
